{
    "HSR Levels": {
        "Level 1": 76.334,
        "Level 2": 69.74,
        "Level 3": 60.406000000000006,
        "Level 4": 61.254,
        "Level 5": 47.64,
        "Overall": 63.0748
    },
    "SSR Levels": {
        "Level 1": 76.334,
        "Level 2": 73.568,
        "Level 3": 69.684,
        "Level 4": 68.20599999999999,
        "Level 5": 63.92999999999999,
        "Overall": 70.3444
    },
    "CSL Average": 2.25,
    "Type Completion Values": {
        "content": {
            "HSR": 57.6,
            "SSR": 63.09400000000001,
            "CSL": 2.5,
            "AverageCompletion": 60.34700000000001
        },
        "situation": {
            "HSR": 60.910000000000004,
            "SSR": 66.71200000000002,
            "CSL": 2.4,
            "AverageCompletion": 63.81100000000001
        },
        "style": {
            "HSR": 86.002,
            "SSR": 93.62199999999999,
            "CSL": 3.8,
            "AverageCompletion": 89.81199999999998
        },
        "format": {
            "HSR": 67.332,
            "SSR": 80.0,
            "CSL": 2.9,
            "AverageCompletion": 73.666
        },
        "example": {
            "HSR": 0.0,
            "SSR": 0.0,
            "CSL": 0.1,
            "AverageCompletion": 0.0
        },
        "mixed": {
            "HSR": 43.53,
            "SSR": 48.294,
            "CSL": 1.8,
            "AverageCompletion": 45.912
        }
    }
}