{
    "HSR Levels": {
        "Level 1": 70.868,
        "Level 2": 64.622,
        "Level 3": 55.653999999999996,
        "Level 4": 50.792,
        "Level 5": 35.736000000000004,
        "Overall": 55.534400000000005
    },
    "SSR Levels": {
        "Level 1": 70.868,
        "Level 2": 70.322,
        "Level 3": 65.24199999999999,
        "Level 4": 64.284,
        "Level 5": 57.912,
        "Overall": 65.7256
    },
    "CSL Average": 1.916666666666667,
    "Type Completion Values": {
        "content": {
            "HSR": 41.6,
            "SSR": 46.90599999999999,
            "CSL": 2.1,
            "AverageCompletion": 44.253
        },
        "situation": {
            "HSR": 59.092000000000006,
            "SSR": 66.424,
            "CSL": 2.3,
            "AverageCompletion": 62.75800000000001
        },
        "style": {
            "HSR": 80.666,
            "SSR": 92.28,
            "CSL": 3.4,
            "AverageCompletion": 86.473
        },
        "format": {
            "HSR": 58.666,
            "SSR": 75.41,
            "CSL": 2.3,
            "AverageCompletion": 67.038
        },
        "example": {
            "HSR": 0.0,
            "SSR": 0.0,
            "CSL": 0.0,
            "AverageCompletion": 0.0
        },
        "mixed": {
            "HSR": 37.648,
            "SSR": 47.608,
            "CSL": 1.4,
            "AverageCompletion": 42.628
        }
    }
}