{
    "HSR Levels": {
        "Level 1": 81.70599999999999,
        "Level 2": 68.14,
        "Level 3": 59.146,
        "Level 4": 50.91,
        "Level 5": 47.482,
        "Overall": 61.476800000000004
    },
    "SSR Levels": {
        "Level 1": 81.70599999999999,
        "Level 2": 72.902,
        "Level 3": 68.342,
        "Level 4": 62.426,
        "Level 5": 62.258,
        "Overall": 69.5268
    },
    "CSL Average": 2.25,
    "Type Completion Values": {
        "content": {
            "HSR": 55.2,
            "SSR": 62.120000000000005,
            "CSL": 2.6,
            "AverageCompletion": 58.660000000000004
        },
        "situation": {
            "HSR": 53.63599999999999,
            "SSR": 59.81999999999999,
            "CSL": 2.3,
            "AverageCompletion": 56.727999999999994
        },
        "style": {
            "HSR": 86.0,
            "SSR": 94.332,
            "CSL": 3.9,
            "AverageCompletion": 90.166
        },
        "format": {
            "HSR": 66.666,
            "SSR": 79.478,
            "CSL": 2.7,
            "AverageCompletion": 73.072
        },
        "example": {
            "HSR": 0.0,
            "SSR": 0.0,
            "CSL": 0.1,
            "AverageCompletion": 0.0
        },
        "mixed": {
            "HSR": 45.882,
            "SSR": 51.884,
            "CSL": 1.9,
            "AverageCompletion": 48.882999999999996
        }
    }
}